﻿<?xml version="1.0" encoding="utf-8"?>
<manifest identifier="_6ox41kB7FNa_WesternHealthTemplate" version="1.0" xmlns="http://www.imsproject.org/xsd/imscp_rootv1p1p2" xmlns:adlcp="http://www.adlnet.org/xsd/adlcp_rootv1p2" xmlns:xsi="http://www.w3.org/2001/XMLSchema-instance" xsi:schemaLocation="http://www.imsproject.org/xsd/imscp_rootv1p1p2 imscp_rootv1p1p2.xsd http://www.imsglobal.org/xsd/imsmd_rootv1p2p1 imsmd_rootv1p2p1.xsd http://www.adlnet.org/xsd/adlcp_rootv1p2 adlcp_rootv1p2.xsd">
  <metadata>
    <schema>ADL SCORM</schema>
    <schemaversion>1.2</schemaversion>
    <lom xmlns="http://www.imsglobal.org/xsd/imsmd_rootv1p2p1" xmlns:xsi="http://www.w3.org/2001/XMLSchema-instance" xsi:schemaLocation="http://www.imsglobal.org/xsd/imsmd_rootv1p2p1 imsmd_rootv1p2p1.xsd">
      <general>
        <title>
          <langstring xml:lang="x-none">NBS Infusions</langstring>
        </title>
      </general>
      <lifecycle>
        <version>
          <langstring xml:lang="x-none">1</langstring>
        </version>
        <status>
          <source>
            <langstring xml:lang="x-none">LOMv1.0</langstring>
          </source>
          <value>
            <langstring xml:lang="x-none">Final</langstring>
          </value>
        </status>
      </lifecycle>
      <metametadata>
        <metadatascheme>ADL SCORM 1.2</metadatascheme>
      </metametadata>
      <educational>
        <typicallearningtime>
          <datetime>PT0H0M0S</datetime>
        </typicallearningtime>
      </educational>
      <rights>
        <cost>
          <source>
            <langstring xml:lang="x-none">LOMv1.0</langstring>
          </source>
          <value>
            <langstring xml:lang="x-none">yes</langstring>
          </value>
        </cost>
        <copyrightandotherrestrictions>
          <source>
            <langstring xml:lang="x-none">LOMv1.0</langstring>
          </source>
          <value>
            <langstring xml:lang="x-none">yes</langstring>
          </value>
        </copyrightandotherrestrictions>
      </rights>
    </lom>
  </metadata>
  <organizations default="NBS_Infusions_ORG">
    <organization identifier="NBS_Infusions_ORG">
      <title>NBS Infusions</title>
      <item identifier="NBS_Infusions_SCO" isvisible="true" identifierref="__6ox41kB7FNa_WesternHealthTemplate_RES">
        <title>NBS Infusions</title>
      </item>
    </organization>
  </organizations>
  <resources>
    <resource identifier="__6ox41kB7FNa_WesternHealthTemplate_RES" type="webcontent" href="launcher.html" adlcp:scormtype="sco">
      <file href="story_content/thumbnail.jpg" />
      <file href="mobile/5WGcAflZ8WV_P_0_176_2020_1136_DX2026_DY2026_CX1509_CY849.png" />
      <file href="mobile/6MidxTsqter_P_0_176_2020_1136_DX2026_DY2026_CX1509_CY849.png" />
      <file href="mobile/67twmRnyi0W_X_R8B4E93_DX2056_DY2056_CX1111_CY601.png" />
      <file href="mobile/5VPPJiGkXXH_P_422_0_1117_670_DX206_DY206_CX155_CY93.png" />
      <file href="mobile/6OzBTOFu1PQ_P_0_22_1500_744_DX2104_DY2104_CX1500_CY744.png" />
      <file href="mobile/6knu0fVu2Iw_P_0_0_100_31_DX200_DY200_CX100_CY32.png" />
      <file href="mobile/67twmRnyi0W_X_R8B4E93_DX2056_DY2056_CX1037_CY561.png" />
      <file href="mobile/67lQLLCGvMX_P_0_16_1452_750_DX2088_DY2088_CX1452_CY750.png" />
      <file href="mobile/67twmRnyi0W_X_R8B4E93_DX2056_DY2056_CX1067_CY577.png" />
      <file href="mobile/6XHdKCpHC7X_P_0_68_1799_943_DX2000_DY2000_CX1511_CY792.png" />
      <file href="mobile/67twmRnyi0W_R8B4E93_DX2056_DY2056_CX949_CY513.png" />
      <file href="mobile/67twmRnyi0W_X_R8B4E93_DX2056_DY2056_CX638_CY345.png" />
      <file href="mobile/5yUCWu72IJk_DX1998_DY1998_CX1500_CY783.png" />
      <file href="mobile/67twmRnyi0W_X_R8B4E93_DX2056_DY2056_CX1161_CY628.png" />
      <file href="mobile/5pJr5KcUrMo_DX52_DY52_CX28_CY25.png" />
      <file href="mobile/67twmRnyi0W_X_R8B4E93_DX2056_DY2056_CX1022_CY553.png" />
      <file href="mobile/5scOcbf7skv_DX1998_DY1998_CX1500_CY783.png" />
      <file href="mobile/67twmRnyi0W_XY_R8B4E93_DX2056_DY2056_CX1089_CY589.png" />
      <file href="mobile/5ygRqYw2EO1_DX2000_DY2000_CX1500_CY783.png" />
      <file href="mobile/67twmRnyi0W_X_R8B4E93_DX2056_DY2056_CX1327_CY718.png" />
      <file href="mobile/67twmRnyi0W_R8B4E93_DX2056_DY2056_CX1240_CY671.png" />
      <file href="mobile/6pRKgqJD3kn_P_0_25_1275_668_DX2000_DY2000_CX1275_CY668.png" />
      <file href="mobile/67twmRnyi0W_X_R8B4E93_DX2056_DY2056_CX1425_CY771.png" />
      <file href="mobile/6pRKgqJD3kn_P_0_26_1275_667_DX2000_DY2000_CX1275_CY667.png" />
      <file href="mobile/67twmRnyi0W_XY_R8B4E93_DX2056_DY2056_CX804_CY435.png" />
      <file href="mobile/5u5Y93AQu4J_DX2000_DY2000_CX1500_CY783.png" />
      <file href="mobile/67twmRnyi0W_R8B4E93_DX2056_DY2056_CX1361_CY736.png" />
      <file href="mobile/5hFOTZBnG4i_DX2000_DY2000_CX1279_CY692.png" />
      <file href="mobile/67twmRnyi0W_X_R8B4E93_DX2056_DY2056_CX917_CY496.png" />
      <file href="mobile/6I1C4p7PYoI_P_0_24_1275_670_DX2000_DY2000_CX1275_CY671.png" />
      <file href="mobile/67twmRnyi0W_X_R8B4E93_DX2056_DY2056_CX784_CY424.png" />
      <file href="mobile/5sjpCFIyWqJ_P_0_24_1278_666_DX2000_DY2000_CX1278_CY667.png" />
      <file href="mobile/67twmRnyi0W_X_R8B4E93_DX2056_DY2056_CX804_CY435.png" />
      <file href="mobile/5kdijKZ73uU_DX2000_DY2000_CX1500_CY783.png" />
      <file href="mobile/67twmRnyi0W_X_R8B4E93_DX2056_DY2056_CX972_CY526.png" />
      <file href="mobile/6CIc6A7rG9X_P_0_123_1270_663_DX2000_DY2000_CX1270_CY664.png" />
      <file href="mobile/67twmRnyi0W_X_R8B4E93_DX2056_DY2056_CX772_CY418.png" />
      <file href="mobile/6W67O9lkwIo_DX2000_DY2000_CX1500_CY783.png" />
      <file href="mobile/67twmRnyi0W_X_R8B4E93_DX2056_DY2056_CX886_CY479.png" />
      <file href="mobile/67twmRnyi0W_X_R8B4E93_DX2056_DY2056_CX919_CY497.png" />
      <file href="mobile/6eHgXGvfzfN_P_0_124_1281_670_DX2000_DY2000_CX1281_CY671.png" />
      <file href="mobile/67twmRnyi0W_X_R8B4E93_DX2056_DY2056_CX798_CY432.png" />
      <file href="mobile/6paZbg2oIWh_DX2002_DY2002_CX1500_CY783.png" />
      <file href="mobile/67twmRnyi0W_X_R8B4E93_DX2056_DY2056_CX753_CY407.png" />
      <file href="mobile/5j9pOgq09yx_P_0_23_1277_665_DX2000_DY2000_CX1277_CY666.png" />
      <file href="mobile/67twmRnyi0W_X_R8B4E93_DX2056_DY2056_CX762_CY412.png" />
      <file href="mobile/6TJtUUf4fcC_DX2000_DY2000_CX1500_CY783.png" />
      <file href="mobile/67twmRnyi0W_X_R8B4E93_DX2056_DY2056_CX922_CY499.png" />
      <file href="mobile/6JzNOoNl23q_DX2000_DY2000_CX1500_CY783.png" />
      <file href="mobile/67twmRnyi0W_X_R8B4E93_DX2056_DY2056_CX571_CY309.png" />
      <file href="mobile/5c6xqLu6joj_DX2000_DY2000_CX1279_CY692.png" />
      <file href="mobile/67twmRnyi0W_X_R8B4E93_DX2056_DY2056_CX771_CY417.png" />
      <file href="mobile/6nCZZ4kX8RL_P_0_20_1277_674_DX2000_DY2000_CX1277_CY675.png" />
      <file href="mobile/67twmRnyi0W_X_R8B4E93_DX2056_DY2056_CX1033_CY559.png" />
      <file href="mobile/6lveyOniPzX_P_0_42_1262_692_DX1998_DY1998_CX1262_CY692.png" />
      <file href="mobile/67twmRnyi0W_X_R8B4E93_DX2056_DY2056_CX626_CY339.png" />
      <file href="mobile/5aniRdbCSZC_DX860_DY860_CX647_CY232.png" />
      <file href="mobile/6mSYyUGBC0y_P_0_14_1277_671_DX2000_DY2000_CX1277_CY672.png" />
      <file href="mobile/67twmRnyi0W_R8B4E93_DX2056_DY2056_CX1033_CY559.png" />
      <file href="mobile/6F1PpUEE16T_DX2000_DY2000_CX1500_CY783.png" />
      <file href="mobile/6mSYyUGBC0y_P_0_22_1277_663_DX2000_DY2000_CX1277_CY663.png" />
      <file href="mobile/67twmRnyi0W_XY_R8B4E93_DX2056_DY2056_CX876_CY474.png" />
      <file href="mobile/6aDZy0TQV1b_P_0_17_1279_668_DX2000_DY2000_CX1279_CY669.png" />
      <file href="mobile/67twmRnyi0W_X_R8B4E93_DX2056_DY2056_CX1203_CY651.png" />
      <file href="mobile/6ZbNTEGXFLd_DX618_DY618_CX432_CY196.png" />
      <file href="mobile/6nSgCdF1N1J_P_-1_3_228_35_DX312_DY312_CX228_CY35.png" />
      <file href="mobile/5kTAYCKkw8F_P_0_8_247_34_DX340_DY340_CX247_CY34.png" />
      <file href="mobile/64gXyGtEqBh_DX2596_DY2596_CX1700_CY664.png" />
      <file href="meta.xml" />
      <file href="story_content/user.js" />
      <file href="mobile/txt__default_5yNFJ2cewgj.png" />
      <file href="mobile/txt__default_6nOKavLQw3s.png" />
      <file href="mobile/txt__default_5YcSbG01Gy7.png" />
      <file href="mobile/txt__default_6MS0nSJg1Pg.png" />
      <file href="mobile/txt__default_6ihjjztNfKf.png" />
      <file href="mobile/txt__default_6nmxwQe3HeS.png" />
      <file href="mobile/txt__default_6o0ybez7P6e.png" />
      <file href="mobile/txt__default_6UpbNotW1tx.png" />
      <file href="mobile/txt__default_6DOyDf40xCr.png" />
      <file href="mobile/txt__default_6UrfRqweAwu.png" />
      <file href="mobile/txt__default_5ybn7HU5Chj.png" />
      <file href="mobile/txt__default_6ZdrRU8Oy54.png" />
      <file href="mobile/txt__default_5kiL6n2TKcS.png" />
      <file href="mobile/txt__default_6FTYV5IY097.png" />
      <file href="mobile/txt__default_64vCYLpK3hk.png" />
      <file href="mobile/txt__default_6mWUiy7DsKK.png" />
      <file href="mobile/txt__default_6hmGLSOKzOF.png" />
      <file href="mobile/txt__default_6fjckKNLuHo.png" />
      <file href="mobile/txt__default_6mGs1qGt3zE.png" />
      <file href="mobile/txt__default_6Z9ssXcKSVn.png" />
      <file href="mobile/txt__default_5r8IlUHDKXg.png" />
      <file href="html5/data/css/output.min.css" />
      <file href="html5/data/js/5bFJq36a4iq.js" />
      <file href="html5/data/js/5c9FTqrUbc0.js" />
      <file href="html5/data/js/5eYTUdqHxXn.js" />
      <file href="html5/data/js/5fjMtRCIYDp.js" />
      <file href="html5/data/js/5k6tEHwFloH.js" />
      <file href="html5/data/js/5l4McUNAIbI.js" />
      <file href="html5/data/js/5lmKvQgeQVo.js" />
      <file href="html5/data/js/5p5It1hAjTU.js" />
      <file href="html5/data/js/5vHu6T1q0Z5.js" />
      <file href="html5/data/js/5VT50pXib3e.js" />
      <file href="html5/data/js/5wSLFN0ojpR.js" />
      <file href="html5/data/js/5XMF6FDHNaD.js" />
      <file href="html5/data/js/5YnLjae2KYT.js" />
      <file href="html5/data/js/63vXPWII81y.js" />
      <file href="html5/data/js/69Hoso6YdLN.js" />
      <file href="html5/data/js/69z0TIqmo6A.js" />
      <file href="html5/data/js/6B7gRaR7Q4W.js" />
      <file href="html5/data/js/6ciGob68yNX.js" />
      <file href="html5/data/js/6CZgZfknnwy.js" />
      <file href="html5/data/js/6e8X0uD3LRn.js" />
      <file href="html5/data/js/6EHbzgBGe4a.js" />
      <file href="html5/data/js/6hkQpmfDhSp.js" />
      <file href="html5/data/js/6JGoevsElCV.js" />
      <file href="html5/data/js/6Jw3hpkthBo.js" />
      <file href="html5/data/js/6jzQDJcig8V.js" />
      <file href="html5/data/js/6M5jnunIMek.js" />
      <file href="html5/data/js/6Mn91aJqJuo.js" />
      <file href="html5/data/js/6mw1kkquVq0.js" />
      <file href="html5/data/js/6nULqZ1pKTV.js" />
      <file href="html5/data/js/6psn3C4fLhe.js" />
      <file href="html5/data/js/6TJxSAbABZ9.js" />
      <file href="html5/data/js/6UUOtxPI3Ge.js" />
      <file href="html5/data/js/6VtFJ9bjWg6.js" />
      <file href="html5/data/js/data.js" />
      <file href="html5/data/js/frame.js" />
      <file href="html5/data/js/paths.js" />
      <file href="html5/lib/scripts/ds-bootstrap.min.js" />
      <file href="html5/lib/scripts/ds-frame.desktop.min.js" />
      <file href="html5/lib/scripts/ds-frame.mobile.min.js" />
      <file href="html5/lib/scripts/ds-slides.min.js" />
      <file href="html5/lib/stylesheets/desktop.min.css" />
      <file href="html5/lib/stylesheets/mobile.min.css" />
      <file href="html5/lib/stylesheets/mobile-fonts/open-sans-bold.woff" />
      <file href="html5/lib/stylesheets/mobile-fonts/open-sans-light.woff" />
      <file href="html5/lib/stylesheets/mobile-fonts/open-sans-regular.woff" />
      <file href="analytics-frame.html" />
      <file href="story.html" />
      <file href="launcher.html" />
      <file href="story_content/external_window.png" />
      <file href="index_lms.html" />
      <file href="lms/AICCComm.html" />
      <file href="lms/blank.html" />
      <file href="lms/browsersniff.js" />
      <file href="lms/goodbye.html" />
      <file href="lms/scormdriver.js" />
    </resource>
  </resources>
</manifest>