﻿<?xml version="1.0" encoding="utf-8"?>
<manifest identifier="_5bA3VCKJ3Jq_course_id" version="1.0" xmlns="http://www.imsproject.org/xsd/imscp_rootv1p1p2" xmlns:adlcp="http://www.adlnet.org/xsd/adlcp_rootv1p2" xmlns:xsi="http://www.w3.org/2001/XMLSchema-instance" xsi:schemaLocation="http://www.imsproject.org/xsd/imscp_rootv1p1p2 imscp_rootv1p1p2.xsd http://www.imsglobal.org/xsd/imsmd_rootv1p2p1 imsmd_rootv1p2p1.xsd http://www.adlnet.org/xsd/adlcp_rootv1p2 adlcp_rootv1p2.xsd">
  <metadata>
    <schema>ADL SCORM</schema>
    <schemaversion>1.2</schemaversion>
    <lom xmlns="http://www.imsglobal.org/xsd/imsmd_rootv1p2p1" xmlns:xsi="http://www.w3.org/2001/XMLSchema-instance" xsi:schemaLocation="http://www.imsglobal.org/xsd/imsmd_rootv1p2p1 imsmd_rootv1p2p1.xsd">
      <general>
        <title>
          <langstring xml:lang="x-none">Infusion Enhancement</langstring>
        </title>
      </general>
      <lifecycle>
        <version>
          <langstring xml:lang="x-none">1</langstring>
        </version>
        <status>
          <source>
            <langstring xml:lang="x-none">LOMv1.0</langstring>
          </source>
          <value>
            <langstring xml:lang="x-none">Final</langstring>
          </value>
        </status>
      </lifecycle>
      <metametadata>
        <metadatascheme>ADL SCORM 1.2</metadatascheme>
      </metametadata>
      <educational>
        <typicallearningtime>
          <datetime>PT0H0M0S</datetime>
        </typicallearningtime>
      </educational>
      <rights>
        <cost>
          <source>
            <langstring xml:lang="x-none">LOMv1.0</langstring>
          </source>
          <value>
            <langstring xml:lang="x-none">yes</langstring>
          </value>
        </cost>
        <copyrightandotherrestrictions>
          <source>
            <langstring xml:lang="x-none">LOMv1.0</langstring>
          </source>
          <value>
            <langstring xml:lang="x-none">yes</langstring>
          </value>
        </copyrightandotherrestrictions>
      </rights>
    </lom>
  </metadata>
  <organizations default="Infusion_Enhancement_ORG">
    <organization identifier="Infusion_Enhancement_ORG">
      <title>Infusion Enhancement</title>
      <item identifier="Infusion_Enhancement_SCO" isvisible="true" identifierref="__5bA3VCKJ3Jq_course_id_RES">
        <title>Infusion Enhancement</title>
      </item>
    </organization>
  </organizations>
  <resources>
    <resource identifier="__5bA3VCKJ3Jq_course_id_RES" type="webcontent" href="index_lms.html" adlcp:scormtype="sco">
      <file href="presentation_content/thumbnail.jpg" />
      <file href="presentation_content/Slide6Um9TQ3FO4T_d5iecXPXUPKUcl1SECTION_HEADER.swf" />
      <file href="presentation_content/Slide6Um9TQ3FO4T_d6m4DuRojRzXcl1OBJECT.swf" />
      <file href="presentation_content/6Um9TQ3FO4T_sl259shp119_80_DX780_DY780.swf" />
      <file href="mobile/6Um9TQ3FO4T_sl259shp119_80_DX780_DY780_CX585_CY422.png" />
      <file href="presentation_content/6Um9TQ3FO4T_sl260shp125_80_DX560_DY560.swf" />
      <file href="mobile/6Um9TQ3FO4T_sl260shp125_80_DX560_DY560_CX420_CY256.png" />
      <file href="presentation_content/6Um9TQ3FO4T_sl260shp126_80_DX522_DY522.swf" />
      <file href="mobile/6Um9TQ3FO4T_sl260shp126_80_DX522_DY522_CX392_CY82.png" />
      <file href="presentation_content/6Um9TQ3FO4T_sl260shp128_80_DX362_DY362.swf" />
      <file href="mobile/6Um9TQ3FO4T_sl260shp128_80_DX362_DY362_CX270_CY272.png" />
      <file href="presentation_content/6Um9TQ3FO4T_sl264shp154_80_DX950_DY950.swf" />
      <file href="mobile/6Um9TQ3FO4T_sl264shp154_80_DX950_DY950_CX712_CY271.png" />
      <file href="presentation_content/6Um9TQ3FO4T_sl265shp160_80_DX902_DY902.swf" />
      <file href="mobile/6Um9TQ3FO4T_sl265shp160_80_DX902_DY902_CX676_CY449.png" />
      <file href="presentation_content/6Um9TQ3FO4T_sl266shp171_80_DX1104_DY1104.swf" />
      <file href="mobile/6Um9TQ3FO4T_sl266shp171_80_DX1104_DY1104_CX828_CY466.png" />
      <file href="presentation_content/6Um9TQ3FO4T_sl267shp179_80_DX738_DY738.swf" />
      <file href="mobile/6Um9TQ3FO4T_sl267shp179_80_DX738_DY738_CX554_CY150.png" />
      <file href="presentation_content/6Um9TQ3FO4T_sl267shp180_80_DX942_DY942.swf" />
      <file href="mobile/6Um9TQ3FO4T_sl267shp180_80_DX942_DY942_CX706_CY102.png" />
      <file href="presentation_content/6Um9TQ3FO4T_sl268shp187_80_DX1258_DY1258.swf" />
      <file href="mobile/6Um9TQ3FO4T_sl268shp187_80_DX1258_DY1258_CX943_CY464.png" />
      <file href="presentation_content/6Um9TQ3FO4T_sl269shp193_80_DX840_DY840.swf" />
      <file href="mobile/6Um9TQ3FO4T_sl269shp193_80_DX840_DY840_CX630_CY405.png" />
      <file href="presentation_content/6Um9TQ3FO4T_sl269shp195_80_DX590_DY590.swf" />
      <file href="mobile/6Um9TQ3FO4T_sl269shp195_80_DX590_DY590_CX442_CY91.png" />
      <file href="presentation_content/6Um9TQ3FO4T_sl270shp202_80_DX668_DY668.swf" />
      <file href="mobile/6Um9TQ3FO4T_sl270shp202_80_DX668_DY668_CX499_CY51.png" />
      <file href="presentation_content/6Um9TQ3FO4T_sl270shp203_80_DX972_DY972.swf" />
      <file href="mobile/6Um9TQ3FO4T_sl270shp203_80_DX972_DY972_CX729_CY282.png" />
      <file href="presentation_content/6Um9TQ3FO4T_sl271shp209_80_DX816_DY816.swf" />
      <file href="mobile/6Um9TQ3FO4T_sl271shp209_80_DX816_DY816_CX612_CY249.png" />
      <file href="presentation_content/6Um9TQ3FO4T_sl271shp210_80_DX886_DY886.swf" />
      <file href="mobile/6Um9TQ3FO4T_sl271shp210_80_DX886_DY886_CX661_CY141.png" />
      <file href="presentation_content/6Um9TQ3FO4T_sl271shp213_80_DX668_DY668.swf" />
      <file href="mobile/6Um9TQ3FO4T_sl271shp213_80_DX668_DY668_CX499_CY51.png" />
      <file href="presentation_content/6Um9TQ3FO4T_sl272shp222_80_DX668_DY668.swf" />
      <file href="mobile/6Um9TQ3FO4T_sl272shp222_80_DX668_DY668_CX499_CY51.png" />
      <file href="presentation_content/6Um9TQ3FO4T_sl272shp223_80_DX948_DY948.swf" />
      <file href="mobile/6Um9TQ3FO4T_sl272shp223_80_DX948_DY948_CX711_CY408.png" />
      <file href="presentation_content/6Um9TQ3FO4T_sl273shp229_80_DX2_DY2.swf" />
      <file href="mobile/6Um9TQ3FO4T_sl273shp229_80_DX2_DY2_CX2_CY2.png" />
      <file href="presentation_content/6Um9TQ3FO4T_sl273shp230_80_DX810_DY810.swf" />
      <file href="mobile/6Um9TQ3FO4T_sl273shp230_80_DX810_DY810_CX608_CY391.png" />
      <file href="presentation_content/6Um9TQ3FO4T_sl273shp231_80_DX652_DY652.swf" />
      <file href="mobile/6Um9TQ3FO4T_sl273shp231_80_DX652_DY652_CX486_CY78.png" />
      <file href="presentation_content/6Um9TQ3FO4T_sl274shp238_80_DX2_DY2.swf" />
      <file href="mobile/6Um9TQ3FO4T_sl274shp238_80_DX2_DY2_CX2_CY2.png" />
      <file href="presentation_content/6Um9TQ3FO4T_sl274shp239_80_DX954_DY954.swf" />
      <file href="mobile/6Um9TQ3FO4T_sl274shp239_80_DX954_DY954_CX715_CY392.png" />
      <file href="presentation_content/6Um9TQ3FO4T_sl274shp241_80_DX602_DY602.swf" />
      <file href="mobile/6Um9TQ3FO4T_sl274shp241_80_DX602_DY602_CX444_CY39.png" />
      <file href="presentation_content/6Um9TQ3FO4T_sl275shp248_80_DX892_DY892.swf" />
      <file href="mobile/6Um9TQ3FO4T_sl275shp248_80_DX892_DY892_CX669_CY276.png" />
      <file href="presentation_content/6Um9TQ3FO4T_sl275shp250_80_DX602_DY602.swf" />
      <file href="mobile/6Um9TQ3FO4T_sl275shp250_80_DX602_DY602_CX444_CY39.png" />
      <file href="presentation_content/6Um9TQ3FO4T_sl275shp251_80_DX1042_DY1042.swf" />
      <file href="mobile/6Um9TQ3FO4T_sl275shp251_80_DX1042_DY1042_CX782_CY90.png" />
      <file href="presentation_content/6Um9TQ3FO4T_sl276shp257_80_DX602_DY602.swf" />
      <file href="mobile/6Um9TQ3FO4T_sl276shp257_80_DX602_DY602_CX444_CY39.png" />
      <file href="presentation_content/6Um9TQ3FO4T_sl276shp258_80_DX852_DY852.swf" />
      <file href="mobile/6Um9TQ3FO4T_sl276shp258_80_DX852_DY852_CX639_CY460.png" />
      <file href="presentation_content/6Um9TQ3FO4T_sl277shp265_80_DX828_DY828.swf" />
      <file href="mobile/6Um9TQ3FO4T_sl277shp265_80_DX828_DY828_CX619_CY399.png" />
      <file href="presentation_content/6Um9TQ3FO4T_sl277shp267_80_DX652_DY652.swf" />
      <file href="mobile/6Um9TQ3FO4T_sl277shp267_80_DX652_DY652_CX488_CY80.png" />
      <file href="presentation_content/6Um9TQ3FO4T_sl278shp273_80_DX2_DY2.swf" />
      <file href="mobile/6Um9TQ3FO4T_sl278shp273_80_DX2_DY2_CX2_CY2.png" />
      <file href="presentation_content/6Um9TQ3FO4T_sl278shp274_80_DX1052_DY1052.swf" />
      <file href="mobile/6Um9TQ3FO4T_sl278shp274_80_DX1052_DY1052_CX789_CY424.png" />
      <file href="presentation_content/6Um9TQ3FO4T_sl279shp281_80_DX2_DY2.swf" />
      <file href="mobile/6Um9TQ3FO4T_sl279shp281_80_DX2_DY2_CX2_CY2.png" />
      <file href="presentation_content/6Um9TQ3FO4T_sl279shp282_80_DX904_DY904.swf" />
      <file href="mobile/6Um9TQ3FO4T_sl279shp282_80_DX904_DY904_CX676_CY231.png" />
      <file href="presentation_content/6Um9TQ3FO4T_sl279shp283_80_DX928_DY928.swf" />
      <file href="mobile/6Um9TQ3FO4T_sl279shp283_80_DX928_DY928_CX696_CY87.png" />
      <file href="presentation_content/6Um9TQ3FO4T_sl279shp288_80_DX650_DY650.swf" />
      <file href="mobile/6Um9TQ3FO4T_sl279shp288_80_DX650_DY650_CX481_CY39.png" />
      <file href="presentation_content/6Um9TQ3FO4T_sl280shp294_80_DX2_DY2.swf" />
      <file href="mobile/6Um9TQ3FO4T_sl280shp294_80_DX2_DY2_CX2_CY2.png" />
      <file href="presentation_content/6Um9TQ3FO4T_sl280shp296_80_DX832_DY832.swf" />
      <file href="mobile/6Um9TQ3FO4T_sl280shp296_80_DX832_DY832_CX624_CY472.png" />
      <file href="presentation_content/6Um9TQ3FO4T_sl280shp297_80_DX650_DY650.swf" />
      <file href="mobile/6Um9TQ3FO4T_sl280shp297_80_DX650_DY650_CX481_CY39.png" />
      <file href="presentation_content/6Um9TQ3FO4T_sl281shp304_80_DX922_DY922.swf" />
      <file href="mobile/6Um9TQ3FO4T_sl281shp304_80_DX922_DY922_CX691_CY248.png" />
      <file href="presentation_content/Slide6Um9TQ3FO4T_d6m4DuRojRzXcl21.1_TitleandContent.swf" />
      <file href="presentation_content/6Um9TQ3FO4T_sl305shp4_80_DX588_DY588.swf" />
      <file href="mobile/6Um9TQ3FO4T_sl305shp4_80_DX588_DY588_CX441_CY169.png" />
      <file href="presentation_content/6Um9TQ3FO4T_sl305shp6_80_DX484_DY484.swf" />
      <file href="mobile/6Um9TQ3FO4T_sl305shp6_80_DX484_DY484_CX362_CY208.png" />
      <file href="presentation_content/6Um9TQ3FO4T_sl306shp4_80_DX626_DY626.swf" />
      <file href="mobile/6Um9TQ3FO4T_sl306shp4_80_DX626_DY626_CX353_CY172.png" />
      <file href="presentation_content/6Um9TQ3FO4T_sl282shp311_80_DX726_DY726.swf" />
      <file href="mobile/6Um9TQ3FO4T_sl282shp311_80_DX726_DY726_CX544_CY136.png" />
      <file href="presentation_content/6Um9TQ3FO4T_sl282shp312_80_DX672_DY672.swf" />
      <file href="mobile/6Um9TQ3FO4T_sl282shp312_80_DX672_DY672_CX501_CY136.png" />
      <file href="presentation_content/6Um9TQ3FO4T_sl282shp313_80_DX714_DY714.swf" />
      <file href="mobile/6Um9TQ3FO4T_sl282shp313_80_DX714_DY714_CX536_CY131.png" />
      <file href="presentation_content/6Um9TQ3FO4T_sl282shp314_80_DX438_DY438.swf" />
      <file href="mobile/6Um9TQ3FO4T_sl282shp314_80_DX438_DY438_CX328_CY142.png" />
      <file href="presentation_content/6Um9TQ3FO4T_sl283shp322_80_DX604_DY604.swf" />
      <file href="mobile/6Um9TQ3FO4T_sl283shp322_80_DX604_DY604_CX453_CY37.png" />
      <file href="presentation_content/6Um9TQ3FO4T_sl283shp323_80_DX2_DY2.swf" />
      <file href="mobile/6Um9TQ3FO4T_sl283shp323_80_DX2_DY2_CX1_CY2.png" />
      <file href="presentation_content/6Um9TQ3FO4T_sl283shp324_80_DX2_DY2.swf" />
      <file href="mobile/6Um9TQ3FO4T_sl283shp324_80_DX2_DY2_CX1_CY1.png" />
      <file href="presentation_content/6Um9TQ3FO4T_sl283shp325_80_DX1298_DY1298.swf" />
      <file href="mobile/6Um9TQ3FO4T_sl283shp325_80_DX1298_DY1298_CX974_CY388.png" />
      <file href="presentation_content/6Um9TQ3FO4T_sl286shp349_80_DX1248_DY1248.swf" />
      <file href="mobile/6Um9TQ3FO4T_sl286shp349_80_DX1248_DY1248_CX936_CY281.png" />
      <file href="presentation_content/6Um9TQ3FO4T_sl291shp389_80_DX348_DY348.swf" />
      <file href="mobile/6Um9TQ3FO4T_sl291shp389_80_DX348_DY348_CX261_CY94.png" />
      <file href="presentation_content/6Um9TQ3FO4T_sl291shp391_80_DX360_DY360.swf" />
      <file href="mobile/6Um9TQ3FO4T_sl291shp391_80_DX360_DY360_CX269_CY93.png" />
      <file href="presentation_content/6Um9TQ3FO4T_sl291shp392_80_DX812_DY812.swf" />
      <file href="mobile/6Um9TQ3FO4T_sl291shp392_80_DX812_DY812_CX606_CY285.png" />
      <file href="presentation_content/6Um9TQ3FO4T_sl292shp399_80_DX952_DY952.swf" />
      <file href="mobile/6Um9TQ3FO4T_sl292shp399_80_DX952_DY952_CX714_CY388.png" />
      <file href="presentation_content/6Um9TQ3FO4T_sl293shp405_80_DX652_DY652.swf" />
      <file href="mobile/6Um9TQ3FO4T_sl293shp405_80_DX652_DY652_CX489_CY136.png" />
      <file href="presentation_content/6Um9TQ3FO4T_sl293shp408_80_DX684_DY684.swf" />
      <file href="mobile/6Um9TQ3FO4T_sl293shp408_80_DX684_DY684_CX513_CY108.png" />
      <file href="presentation_content/6Um9TQ3FO4T_sl297shp441_80_DX848_DY848.swf" />
      <file href="mobile/6Um9TQ3FO4T_sl297shp441_80_DX848_DY848_CX633_CY164.png" />
      <file href="presentation_content/6Um9TQ3FO4T_sl297shp442_80_DX702_DY702.swf" />
      <file href="mobile/6Um9TQ3FO4T_sl297shp442_80_DX702_DY702_CX526_CY130.png" />
      <file href="presentation_content/6Um9TQ3FO4T_sl297shp446_80_DX462_DY462.swf" />
      <file href="mobile/6Um9TQ3FO4T_sl297shp446_80_DX462_DY462_CX346_CY88.png" />
      <file href="presentation_content/6Um9TQ3FO4T_sl301shp474_80_DX684_DY684.swf" />
      <file href="mobile/6Um9TQ3FO4T_sl301shp474_80_DX684_DY684_CX511_CY174.png" />
      <file href="presentation_content/6Um9TQ3FO4T_sl301shp2_80_DX766_DY766.swf" />
      <file href="mobile/6Um9TQ3FO4T_sl301shp2_80_DX766_DY766_CX383_CY79.png" />
      <file href="presentation_content/Slide6Um9TQ3FO4T_d5iecXPXUPKUcl2FinalSlide.swf" />
      <file href="presentation_content/Slide6Um9TQ3FO4T_d5iecXPXUPKUcl3TitleSlide.swf" />
      <file href="meta.xml" />
      <file href="presentation_content/FontFactory.swf" />
      <file href="presentation_content/fonts.swf" />
      <file href="presentation_content/frame.xml" />
      <file href="presentation_content/frame.json" />
      <file href="presentation_content/user.js" />
      <file href="mobile/Slide6Um9TQ3FO4T_d5iecXPXUPKUcl1SECTION_HEADER.png" />
      <file href="mobile/Slide6Um9TQ3FO4T_d6m4DuRojRzXcl1OBJECT.png" />
      <file href="mobile/Slide6Um9TQ3FO4T_d6m4DuRojRzXcl21.1_TitleandContent.png" />
      <file href="mobile/Slide6Um9TQ3FO4T_d5iecXPXUPKUcl2FinalSlide.png" />
      <file href="mobile/Slide6Um9TQ3FO4T_d5iecXPXUPKUcl3TitleSlide.png" />
      <file href="presentation.swf" />
      <file href="presentation_content/frame.swf" />
      <file href="presentation_content/slides/256.swf" />
      <file href="presentation_content/slides/257.swf" />
      <file href="presentation_content/slides/258.swf" />
      <file href="presentation_content/slides/259.swf" />
      <file href="presentation_content/slides/260.swf" />
      <file href="presentation_content/slides/261.swf" />
      <file href="presentation_content/slides/262.swf" />
      <file href="presentation_content/slides/263.swf" />
      <file href="presentation_content/slides/264.swf" />
      <file href="presentation_content/slides/265.swf" />
      <file href="presentation_content/slides/266.swf" />
      <file href="presentation_content/slides/267.swf" />
      <file href="presentation_content/slides/268.swf" />
      <file href="presentation_content/slides/269.swf" />
      <file href="presentation_content/slides/270.swf" />
      <file href="presentation_content/slides/271.swf" />
      <file href="presentation_content/slides/272.swf" />
      <file href="presentation_content/slides/273.swf" />
      <file href="presentation_content/slides/274.swf" />
      <file href="presentation_content/slides/275.swf" />
      <file href="presentation_content/slides/276.swf" />
      <file href="presentation_content/slides/277.swf" />
      <file href="presentation_content/slides/278.swf" />
      <file href="presentation_content/slides/279.swf" />
      <file href="presentation_content/slides/280.swf" />
      <file href="presentation_content/slides/281.swf" />
      <file href="presentation_content/slides/305.swf" />
      <file href="presentation_content/slides/306.swf" />
      <file href="presentation_content/slides/307.swf" />
      <file href="presentation_content/slides/282.swf" />
      <file href="presentation_content/slides/283.swf" />
      <file href="presentation_content/slides/286.swf" />
      <file href="presentation_content/slides/291.swf" />
      <file href="presentation_content/slides/292.swf" />
      <file href="presentation_content/slides/293.swf" />
      <file href="presentation_content/slides/297.swf" />
      <file href="presentation_content/slides/298.swf" />
      <file href="presentation_content/slides/301.swf" />
      <file href="presentation_content/slides/302.swf" />
      <file href="presentation_content/slides/303.swf" />
      <file href="presentation_content/slides/304.swf" />
      <file href="presentation_content/data.swf" />
      <file href="html5/data/css/output.min.css" />
      <file href="html5/data/js/256.js" />
      <file href="html5/data/js/257.js" />
      <file href="html5/data/js/258.js" />
      <file href="html5/data/js/259.js" />
      <file href="html5/data/js/260.js" />
      <file href="html5/data/js/261.js" />
      <file href="html5/data/js/262.js" />
      <file href="html5/data/js/263.js" />
      <file href="html5/data/js/264.js" />
      <file href="html5/data/js/265.js" />
      <file href="html5/data/js/266.js" />
      <file href="html5/data/js/267.js" />
      <file href="html5/data/js/268.js" />
      <file href="html5/data/js/269.js" />
      <file href="html5/data/js/270.js" />
      <file href="html5/data/js/271.js" />
      <file href="html5/data/js/272.js" />
      <file href="html5/data/js/273.js" />
      <file href="html5/data/js/274.js" />
      <file href="html5/data/js/275.js" />
      <file href="html5/data/js/276.js" />
      <file href="html5/data/js/277.js" />
      <file href="html5/data/js/278.js" />
      <file href="html5/data/js/279.js" />
      <file href="html5/data/js/280.js" />
      <file href="html5/data/js/281.js" />
      <file href="html5/data/js/282.js" />
      <file href="html5/data/js/283.js" />
      <file href="html5/data/js/286.js" />
      <file href="html5/data/js/291.js" />
      <file href="html5/data/js/292.js" />
      <file href="html5/data/js/293.js" />
      <file href="html5/data/js/297.js" />
      <file href="html5/data/js/298.js" />
      <file href="html5/data/js/301.js" />
      <file href="html5/data/js/302.js" />
      <file href="html5/data/js/303.js" />
      <file href="html5/data/js/304.js" />
      <file href="html5/data/js/305.js" />
      <file href="html5/data/js/306.js" />
      <file href="html5/data/js/307.js" />
      <file href="html5/data/js/data.js" />
      <file href="html5/data/js/frame.js" />
      <file href="html5/data/js/paths.js" />
      <file href="html5/lib/scripts/app.min.js" />
      <file href="html5/lib/stylesheets/main.min.css" />
      <file href="html5/lib/stylesheets/mobile-fonts/open-sans-bold.woff" />
      <file href="html5/lib/stylesheets/mobile-fonts/open-sans-light.woff" />
      <file href="html5/lib/stylesheets/mobile-fonts/open-sans-regular.woff" />
      <file href="presentation.html" />
      <file href="presentation_flash.html" />
      <file href="presentation_html5.html" />
      <file href="presentation_content/blank.html" />
      <file href="presentation_content/presentation.js" />
      <file href="index_lms.html" />
      <file href="index_lms_html5.html" />
      <file href="index_lms_flash.html" />
      <file href="lms/AICCComm.html" />
      <file href="lms/AICCFunctions.js" />
      <file href="lms/API.js" />
      <file href="lms/APIConstants.js" />
      <file href="lms/blank.html" />
      <file href="lms/browsersniff.js" />
      <file href="lms/Configuration.js" />
      <file href="lms/goodbye.html" />
      <file href="lms/lms.js" />
      <file href="lms/LMSAPI.js" />
      <file href="lms/NONEFunctions.js" />
      <file href="lms/SCORM2004Functions.js" />
      <file href="lms/SCORMFunctions.js" />
      <file href="lms/UtilityFunctions.js" />
    </resource>
  </resources>
</manifest>