﻿<?xml version="1.0" encoding="utf-8"?>
<manifest identifier="_6ox41kB7FNa_WesternHealthTemplate" version="1.0" xmlns="http://www.imsproject.org/xsd/imscp_rootv1p1p2" xmlns:adlcp="http://www.adlnet.org/xsd/adlcp_rootv1p2" xmlns:xsi="http://www.w3.org/2001/XMLSchema-instance" xsi:schemaLocation="http://www.imsproject.org/xsd/imscp_rootv1p1p2 imscp_rootv1p1p2.xsd http://www.imsglobal.org/xsd/imsmd_rootv1p2p1 imsmd_rootv1p2p1.xsd http://www.adlnet.org/xsd/adlcp_rootv1p2 adlcp_rootv1p2.xsd">
  <metadata>
    <schema>ADL SCORM</schema>
    <schemaversion>1.2</schemaversion>
    <lom xmlns="http://www.imsglobal.org/xsd/imsmd_rootv1p2p1" xmlns:xsi="http://www.w3.org/2001/XMLSchema-instance" xsi:schemaLocation="http://www.imsglobal.org/xsd/imsmd_rootv1p2p1 imsmd_rootv1p2p1.xsd">
      <general>
        <title>
          <langstring xml:lang="x-none">Medical General Infusions</langstring>
        </title>
      </general>
      <lifecycle>
        <version>
          <langstring xml:lang="x-none">1</langstring>
        </version>
        <status>
          <source>
            <langstring xml:lang="x-none">LOMv1.0</langstring>
          </source>
          <value>
            <langstring xml:lang="x-none">Final</langstring>
          </value>
        </status>
      </lifecycle>
      <metametadata>
        <metadatascheme>ADL SCORM 1.2</metadatascheme>
      </metametadata>
      <educational>
        <typicallearningtime>
          <datetime>PT0H0M0S</datetime>
        </typicallearningtime>
      </educational>
      <rights>
        <cost>
          <source>
            <langstring xml:lang="x-none">LOMv1.0</langstring>
          </source>
          <value>
            <langstring xml:lang="x-none">yes</langstring>
          </value>
        </cost>
        <copyrightandotherrestrictions>
          <source>
            <langstring xml:lang="x-none">LOMv1.0</langstring>
          </source>
          <value>
            <langstring xml:lang="x-none">yes</langstring>
          </value>
        </copyrightandotherrestrictions>
      </rights>
    </lom>
  </metadata>
  <organizations default="Medical_General_Infusions_ORG">
    <organization identifier="Medical_General_Infusions_ORG">
      <title>Medical General Infusions</title>
      <item identifier="Medical_General_Infusions_SCO" isvisible="true" identifierref="__6ox41kB7FNa_WesternHealthTemplate_RES">
        <title>Medical General Infusions</title>
      </item>
    </organization>
  </organizations>
  <resources>
    <resource identifier="__6ox41kB7FNa_WesternHealthTemplate_RES" type="webcontent" href="index_lms.html" adlcp:scormtype="sco">
      <file href="story_content/thumbnail.jpg" />
      <file href="mobile/5WGcAflZ8WV_P_0_176_2020_1136_DX2026_DY2026_CX1509_CY849.png" />
      <file href="mobile/6MidxTsqter_P_0_176_2020_1136_DX2026_DY2026_CX1509_CY849.png" />
      <file href="mobile/67twmRnyi0W_X_R8B4E93_DX3128_DY3128_CX963_CY521.png" />
      <file href="mobile/5VPPJiGkXXH_P_422_0_1117_670_DX206_DY206_CX155_CY93.png" />
      <file href="story_content/6OW9pt0K16Q_44100_96_0.mp3" />
      <file href="mobile/607ewCtHWoW_DX2000_DY2000_CX1512_CY812.png" />
      <file href="mobile/6knu0fVu2Iw_P_0_0_100_31_DX200_DY200_CX100_CY32.png" />
      <file href="mobile/67twmRnyi0W_X_R8B4E93_DX3128_DY3128_CX1179_CY638.png" />
      <file href="mobile/67twmRnyi0W_XY_R8B4E93_DX3128_DY3128_CX1146_CY620.png" />
      <file href="mobile/5raELwQogdR_DX2000_DY2000_CX1510_CY810.png" />
      <file href="mobile/67twmRnyi0W_X_R8B4E93_DX3128_DY3128_CX1124_CY608.png" />
      <file href="mobile/6HGAcOfCndU_DX2000_DY2000_CX1510_CY810.png" />
      <file href="mobile/67twmRnyi0W_R8B4E93_DX3128_DY3128_CX1512_CY818.png" />
      <file href="story_content/5VmCincUB5Q_44100_96_0.mp3" />
      <file href="mobile/6667OzGfhns_DX2000_DY2000_CX1512_CY812.png" />
      <file href="mobile/67twmRnyi0W_X_R8B4E93_DX3128_DY3128_CX1070_CY579.png" />
      <file href="mobile/5z4NtjmPvTG_DX2000_DY2000_CX1511_CY809.png" />
      <file href="mobile/6hr259QbSuR_DX2000_DY2000_CX1512_CY812.png" />
      <file href="mobile/67twmRnyi0W_X_R8B4E93_DX3128_DY3128_CX1512_CY818.png" />
      <file href="mobile/5iLrDHwKxXy_DX2000_DY2000_CX1510_CY810.png" />
      <file href="mobile/6cxWbaRsbIW_DX2000_DY2000_CX1511_CY810.png" />
      <file href="mobile/6eCUugMkhDO_DX2000_DY2000_CX1511_CY810.png" />
      <file href="mobile/6QDUXsmhfPf_DX2000_DY2000_CX1511_CY810.png" />
      <file href="mobile/6fFo6grRuZm_P_233_112_1042_577_DX1752_DY1752_CX1043_CY578.png" />
      <file href="mobile/67twmRnyi0W_R8B4E93_DX3128_DY3128_CX1305_CY706.png" />
      <file href="story_content/5kDZShdensh_44100_96_0.mp3" />
      <file href="mobile/5WCwN1nFCU5_DX2000_DY2000_CX1512_CY812.png" />
      <file href="mobile/67twmRnyi0W_R8B4E93_DX3128_DY3128_CX1123_CY608.png" />
      <file href="mobile/67twmRnyi0W_X_R8B4E93_DX3128_DY3128_CX1220_CY660.png" />
      <file href="mobile/5VkZ5O7v5gg_DX2000_DY2000_CX1512_CY812.png" />
      <file href="mobile/67twmRnyi0W_R8B4E93_DX3128_DY3128_CX642_CY347.png" />
      <file href="mobile/5k8fxGop80p_DX2000_DY2000_CX1512_CY812.png" />
      <file href="mobile/67twmRnyi0W_XY_R8B4E93_DX3128_DY3128_CX1410_CY763.png" />
      <file href="mobile/6aEwroc7l9B_DX2000_DY2000_CX1511_CY810.png" />
      <file href="mobile/67twmRnyi0W_XY_R8B4E93_DX3128_DY3128_CX1148_CY621.png" />
      <file href="mobile/6qLK9Ws4SJp_DX2000_DY2000_CX1512_CY812.png" />
      <file href="mobile/5lmKAzTuj3T_DX1996_DY1996_CX1509_CY811.png" />
      <file href="mobile/6oKlf78KkMd_P_399_0_1520_1032_DX1998_DY1998_CX1197_CY812.png" />
      <file href="mobile/67twmRnyi0W_R8B4E93_DX3128_DY3128_CX1094_CY592.png" />
      <file href="mobile/6fGIx2nHSxY_P_448_290_818_353_DX2020_DY2020_CX818_CY354.png" />
      <file href="mobile/5iRRcz35Zk3_DX2000_DY2000_CX1509_CY849.png" />
      <file href="mobile/5wRoBL7pKZ7_P_232_148_1046_544_DX1924_DY1924_CX1046_CY544.png" />
      <file href="mobile/67twmRnyi0W_X_R8B4E93_DX3128_DY3128_CX1362_CY737.png" />
      <file href="mobile/5ijBhlZ7PL2_P_5_6_484_335_DX990_DY990_CX484_CY335.png" />
      <file href="story_content/6PnyKmNK0sw_44100_96_0.mp3" />
      <file href="mobile/6FRjuhBEpmd_DX2000_DY2000_CX1510_CY810.png" />
      <file href="mobile/5wJdXvR3tNv_DX2000_DY2000_CX1512_CY812.png" />
      <file href="story_content/5tfbuv6GOj6_44100_96_0.mp3" />
      <file href="mobile/5y245csuD1R_DX2000_DY2000_CX1510_CY810.png" />
      <file href="mobile/6q9suFBrXKa_DX2000_DY2000_CX1511_CY810.png" />
      <file href="mobile/67twmRnyi0W_XY_R8B4E93_DX3128_DY3128_CX1203_CY651.png" />
      <file href="story_content/6qwZPv6iRfy_44100_96_0.mp3" />
      <file href="mobile/6c7CnslJQ9y_DX2000_DY2000_CX1512_CY813.png" />
      <file href="mobile/5WOQNJvJhiG_DX2000_DY2000_CX1512_CY812.png" />
      <file href="mobile/67twmRnyi0W_R8B4E93_DX3128_DY3128_CX1640_CY887.png" />
      <file href="mobile/5saH3Ot718j_DX2000_DY2000_CX1509_CY849.png" />
      <file href="mobile/67twmRnyi0W_X_R8B4E93_DX3128_DY3128_CX1562_CY845.png" />
      <file href="story_content/609IQVZsiUA_44100_96_0.mp3" />
      <file href="mobile/6Yh7LnMZ55G_DX968_DY968_CX732_CY372.png" />
      <file href="mobile/6JgVIfl2BaK_P_0_0_754_132_DX1120_DY1120_CX754_CY132.png" />
      <file href="mobile/5sDZNQZwcpY_DX2000_DY2000_CX1510_CY810.png" />
      <file href="mobile/67twmRnyi0W_X_R8B4E93_DX3128_DY3128_CX1425_CY771.png" />
      <file href="mobile/5mG3OxIvXmv_DX2000_DY2000_CX1510_CY810.png" />
      <file href="mobile/6Uka5WGOZ8D_DX1996_DY1996_CX1508_CY810.png" />
      <file href="mobile/67twmRnyi0W_R8B4E93_DX3128_DY3128_CX1660_CY898.png" />
      <file href="mobile/6BarR4pnsba_DX2000_DY2000_CX1510_CY810.png" />
      <file href="mobile/67twmRnyi0W_X_R8B4E93_DX3128_DY3128_CX1533_CY829.png" />
      <file href="story_content/6T6NNHOKaST_44100_96_0.mp3" />
      <file href="mobile/5j4ZMck8i0t_DX2000_DY2000_CX1510_CY810.png" />
      <file href="mobile/6FMjDw4h9NJ_DX2000_DY2000_CX1512_CY812.png" />
      <file href="mobile/5wgZkYSCmNe_DX2000_DY2000_CX1512_CY812.png" />
      <file href="mobile/67twmRnyi0W_X_R8B4E93_DX3128_DY3128_CX1198_CY648.png" />
      <file href="mobile/6h3syB6k6an_DX2000_DY2000_CX1512_CY813.png" />
      <file href="mobile/67twmRnyi0W_X_R8B4E93_DX3128_DY3128_CX939_CY508.png" />
      <file href="mobile/5zFVeTsPQub_P_220_111_1051_580_DX1892_DY1892_CX1052_CY580.png" />
      <file href="mobile/5VqZCh4Levs_DX1996_DY1996_CX1508_CY810.png" />
      <file href="mobile/67twmRnyi0W_R8B4E93_DX3128_DY3128_CX1425_CY771.png" />
      <file href="mobile/6YLD5NsRR9K_DX2000_DY2000_CX1510_CY810.png" />
      <file href="mobile/6h3gkLBrhZN_DX2000_DY2000_CX1512_CY812.png" />
      <file href="mobile/67twmRnyi0W_R8B4E93_DX3128_DY3128_CX1315_CY711.png" />
      <file href="mobile/6ZKpSd5De2o_DX2000_DY2000_CX1511_CY810.png" />
      <file href="mobile/67twmRnyi0W_R8B4E93_DX3128_DY3128_CX1252_CY677.png" />
      <file href="mobile/5mSOVi0rEgl_P_227_144_1048_544_DX1936_DY1936_CX1049_CY544.png" />
      <file href="mobile/67twmRnyi0W_R8B4E93_DX3128_DY3128_CX603_CY326.png" />
      <file href="mobile/6Nsy6bzuVHI_DX2000_DY2000_CX1512_CY812.png" />
      <file href="mobile/67twmRnyi0W_X_R8B4E93_DX3128_DY3128_CX1049_CY568.png" />
      <file href="mobile/5YA3rl4FKQA_DX2000_DY2000_CX1511_CY810.png" />
      <file href="mobile/6gCJjUnJksN_DX2000_DY2000_CX1510_CY810.png" />
      <file href="mobile/5k0ERBn5NTs_DX96_DY96_CX71_CY28.png" />
      <file href="mobile/6cE3VgkTFZp_DX2000_DY2000_CX1511_CY810.png" />
      <file href="mobile/6HI1nvsqJho_DX1996_DY1996_CX1508_CY810.png" />
      <file href="mobile/5k4Q4tmPuHL_DX1038_DY1038_CX783_CY592.png" />
      <file href="mobile/67twmRnyi0W_R8B4E93_DX3128_DY3128_CX1235_CY668.png" />
      <file href="mobile/6og7MQQE1fs_DX1036_DY1036_CX783_CY592.png" />
      <file href="mobile/6DpXjEMTbtT_DX2000_DY2000_CX1512_CY812.png" />
      <file href="mobile/69RdRmEj9P0_DX2000_DY2000_CX1511_CY810.png" />
      <file href="mobile/67twmRnyi0W_X_R8B4E93_DX3128_DY3128_CX1665_CY901.png" />
      <file href="mobile/5gEJ1SXaA2Y_DX2000_DY2000_CX1512_CY812.png" />
      <file href="mobile/6mpYecg9Q1H_DX2000_DY2000_CX1512_CY814.png" />
      <file href="mobile/67twmRnyi0W_X_R8B4E93_DX3128_DY3128_CX1315_CY711.png" />
      <file href="mobile/6bjOKfOU9MJ_DX2000_DY2000_CX1510_CY810.png" />
      <file href="mobile/6KQ8wCvAZxk_DX2000_DY2000_CX1512_CY812.png" />
      <file href="mobile/6eUEVWAFvBg_DX2000_DY2000_CX1510_CY810.png" />
      <file href="mobile/6e3ISVrY6jH_DX2000_DY2000_CX1510_CY810.png" />
      <file href="mobile/6fXEez6RsM7_DX2000_DY2000_CX1512_CY812.png" />
      <file href="mobile/67twmRnyi0W_XY_R8B4E93_DX3128_DY3128_CX1315_CY711.png" />
      <file href="mobile/6VbamkBW0fi_DX2000_DY2000_CX1512_CY807.png" />
      <file href="mobile/6DRPBChYyKu_DX2000_DY2000_CX1512_CY812.png" />
      <file href="mobile/64gXyGtEqBh_DX2596_DY2596_CX1700_CY664.png" />
      <file href="meta.xml" />
      <file href="story_content/user.js" />
      <file href="mobile/txt__default_5VZZtB6uHyD.png" />
      <file href="mobile/txt__default_6PZu1kykaNY.png" />
      <file href="mobile/txt__default_5qPP6k8kHjx.png" />
      <file href="mobile/txt__default_6cR6wcyu0jG.png" />
      <file href="mobile/txt__default_5jf7faHHlRa.png" />
      <file href="mobile/txt__default_6XoEAODy8Q2.png" />
      <file href="mobile/txt__default_6T4VJ3DROwl.png" />
      <file href="mobile/txt__default_5tQKHRtIP6j.png" />
      <file href="mobile/txt__default_68ot5PpF4ED.png" />
      <file href="mobile/txt__default_61w5M4iAuXD.png" />
      <file href="mobile/txt__default_5xB0y5ZHR5Z.png" />
      <file href="mobile/txt__default_6dbbwGdn3Ef.png" />
      <file href="mobile/txt__default_6fmUEOFAXhI.png" />
      <file href="mobile/txt__default_61Pae0ISEcy.png" />
      <file href="mobile/txt__default_5gHsSYzX4iz.png" />
      <file href="mobile/txt__default_5as62wlkJzV.png" />
      <file href="mobile/txt__default_5mBpnYQo1kF.png" />
      <file href="mobile/txt__default_5gONE2W1Jb4.png" />
      <file href="mobile/txt__default_5qA4cIUwYNJ.png" />
      <file href="mobile/txt__default_6StUK18S2pM.png" />
      <file href="mobile/txt__default_6ITR75HN710.png" />
      <file href="mobile/txt__default_6CtfSwX1STm.png" />
      <file href="mobile/txt__default_6bwkGSQJIfX.png" />
      <file href="mobile/txt__default_5o1ojrWvhYQ.png" />
      <file href="mobile/txt__default_6JgCjuVPCWK.png" />
      <file href="mobile/txt__default_6cOe3tELNk3.png" />
      <file href="mobile/txt__default_6iIRzYPpvX6.png" />
      <file href="mobile/txt__default_6q8X3AVPwP4.png" />
      <file href="mobile/txt__default_5ZNqvh81og4.png" />
      <file href="mobile/txt__default_5k3XSV48Ax3.png" />
      <file href="mobile/txt__default_5rFBsU7lgYt.png" />
      <file href="mobile/txt__default_6aKqLI9o7Of.png" />
      <file href="mobile/txt__default_5nhx5uvzkHP.png" />
      <file href="mobile/txt__default_5iznOb0OWgP.png" />
      <file href="mobile/txt__default_5etzos5zp0u.png" />
      <file href="mobile/txt__default_6cwviqAHofd.png" />
      <file href="mobile/txt__default_5b8k1TicYTi.png" />
      <file href="mobile/txt__default_6bAEIzAk6kt.png" />
      <file href="mobile/txt__default_6JBG9W4rvo2.png" />
      <file href="mobile/txt__default_6Sy9VzbMbrj.png" />
      <file href="mobile/txt__default_6AxcnTtZJ9E.png" />
      <file href="mobile/txt__default_6jgp9M2mxfG.png" />
      <file href="mobile/txt__default_5XgFhqJkFvE.png" />
      <file href="mobile/txt__default_6eMMV3Ik0dz.png" />
      <file href="mobile/txt__default_6MnI17alA9N.png" />
      <file href="mobile/txt__default_6bvixdyvgL6.png" />
      <file href="mobile/txt__default_6IPQ8CABcvZ.png" />
      <file href="mobile/txt__default_6pj7YO7O1Oy.png" />
      <file href="mobile/txt__default_63Nc4YD5z8D.png" />
      <file href="mobile/txt__default_5X4uO2rzYkB.png" />
      <file href="mobile/txt__default_66Q92ifBtBZ.png" />
      <file href="mobile/txt__default_5kMp6sRViz9.png" />
      <file href="mobile/txt__default_6FJfPT7QPhH.png" />
      <file href="mobile/txt__default_6mMsmZyeET9.png" />
      <file href="html5/data/css/output.min.css" />
      <file href="html5/data/js/5aMm7g8zyok.js" />
      <file href="html5/data/js/5d6IDO2KJ3m.js" />
      <file href="html5/data/js/5gJsxMwra2l.js" />
      <file href="html5/data/js/5gYE45VmJnl.js" />
      <file href="html5/data/js/5kbPP7yLalQ.js" />
      <file href="html5/data/js/5kTWZgwXH4w.js" />
      <file href="html5/data/js/5mfXhmuiuDH.js" />
      <file href="html5/data/js/5poFaQ8S8Qv.js" />
      <file href="html5/data/js/5qRFDyz31IE.js" />
      <file href="html5/data/js/5Vp0DnGkiaY.js" />
      <file href="html5/data/js/5VYAcKmcfmd.js" />
      <file href="html5/data/js/5WnIHtXS4GG.js" />
      <file href="html5/data/js/5wrjdO62vTK.js" />
      <file href="html5/data/js/5wSI3pZAlQZ.js" />
      <file href="html5/data/js/5wyPzxv1GAJ.js" />
      <file href="html5/data/js/5xc1kjTJOss.js" />
      <file href="html5/data/js/5xCpn2LzjuE.js" />
      <file href="html5/data/js/5XG31PednTZ.js" />
      <file href="html5/data/js/5XlOQNJQhTv.js" />
      <file href="html5/data/js/5XriJRNoGyq.js" />
      <file href="html5/data/js/5Y73p23anvC.js" />
      <file href="html5/data/js/5ychp1s0EYt.js" />
      <file href="html5/data/js/5zQh2c00kbz.js" />
      <file href="html5/data/js/61SoCiQT5Ew.js" />
      <file href="html5/data/js/61vtT8hP6s4.js" />
      <file href="html5/data/js/65Dp2Olyf7P.js" />
      <file href="html5/data/js/66g8qiIddvK.js" />
      <file href="html5/data/js/66MY5yVgcZ4.js" />
      <file href="html5/data/js/67vHvJvxBOj.js" />
      <file href="html5/data/js/6981z6Ja7s0.js" />
      <file href="html5/data/js/6AcmttqYPCN.js" />
      <file href="html5/data/js/6aIknPH9Beb.js" />
      <file href="html5/data/js/6ALtEf6fCuQ.js" />
      <file href="html5/data/js/6anMuxvU4uF.js" />
      <file href="html5/data/js/6aP8W1fhSTT.js" />
      <file href="html5/data/js/6Apfhjf4MCD.js" />
      <file href="html5/data/js/6B7gRaR7Q4W.js" />
      <file href="html5/data/js/6BTbLyCUOCm.js" />
      <file href="html5/data/js/6d3boaTBQ0P.js" />
      <file href="html5/data/js/6DEYFrQAUrJ.js" />
      <file href="html5/data/js/6E8zuJY26CO.js" />
      <file href="html5/data/js/6eCniz9uU5o.js" />
      <file href="html5/data/js/6gRwz7DMZdf.js" />
      <file href="html5/data/js/6Ij8F815gsi.js" />
      <file href="html5/data/js/6IZujA36nXA.js" />
      <file href="html5/data/js/6JO5UBNbMpW.js" />
      <file href="html5/data/js/6KeLOGqltxS.js" />
      <file href="html5/data/js/6KXIFIMmsEo.js" />
      <file href="html5/data/js/6LPQ9Kap8Ej.js" />
      <file href="html5/data/js/6m9hPdCZvEL.js" />
      <file href="html5/data/js/6MI1DXBq2Xn.js" />
      <file href="html5/data/js/6NADT1fBNRX.js" />
      <file href="html5/data/js/6nJXxlcgx5C.js" />
      <file href="html5/data/js/6oadRa2i0WQ.js" />
      <file href="html5/data/js/6pHVVMxkBbs.js" />
      <file href="html5/data/js/6q3hNz3g3uy.js" />
      <file href="html5/data/js/6qR2L5ptRzx.js" />
      <file href="html5/data/js/6RwrnURl9CF.js" />
      <file href="html5/data/js/6Rz69uaNn7E.js" />
      <file href="html5/data/js/6TJxSAbABZ9.js" />
      <file href="html5/data/js/6UUOtxPI3Ge.js" />
      <file href="html5/data/js/6UxnYHzuyPa.js" />
      <file href="html5/data/js/6VExtWZmm1j.js" />
      <file href="html5/data/js/6VrGAXkY6zT.js" />
      <file href="html5/data/js/6WU3w7cNuDf.js" />
      <file href="html5/data/js/6XMiKF35v63.js" />
      <file href="html5/data/js/data.js" />
      <file href="html5/data/js/frame.js" />
      <file href="html5/data/js/paths.js" />
      <file href="html5/lib/scripts/ds-bootstrap.min.js" />
      <file href="html5/lib/scripts/ds-frame.desktop.min.js" />
      <file href="html5/lib/scripts/ds-frame.mobile.min.js" />
      <file href="html5/lib/scripts/ds-slides.min.js" />
      <file href="html5/lib/stylesheets/desktop.min.css" />
      <file href="html5/lib/stylesheets/mobile.min.css" />
      <file href="html5/lib/stylesheets/mobile-fonts/open-sans-bold.woff" />
      <file href="html5/lib/stylesheets/mobile-fonts/open-sans-light.woff" />
      <file href="html5/lib/stylesheets/mobile-fonts/open-sans-regular.woff" />
      <file href="analytics-frame.html" />
      <file href="story.html" />
      <file href="index_lms.html" />
      <file href="lms/AICCComm.html" />
      <file href="lms/blank.html" />
      <file href="lms/browsersniff.js" />
      <file href="lms/goodbye.html" />
      <file href="lms/scormdriver.js" />
    </resource>
  </resources>
</manifest>